2X9E;;
2ZMD;;510\'96857 2.88 SP600125\
3GFW;;519\'96808 2.74 Pyrrolopyridine\
3H9F;;519\'96808 2.60 Pyrimido-diazepine\
3HMO;;510\'96809 2.40 Staurosporine\
3HMP;;510\'96809 2.30 Quinazoline\
3VQU;;516\'96820 2.40 Aminobenzamide\
3W1F;;516\'96820 2.70 Benzenesulfonamide\
3WYX;;516\'96820 2.90 Nicotinonitrile\
3WYY;;516\'96820 3.05 Phenyl-acrylamide\
3WZJ;;516\'96820 2.75 N-cyclopropyl-benzamide\
3WZK;;516\'96820 2.30 Pyrazine-benzamide\
4BHZ;;519\'96808 2.85 Pyrrolopyridine\
4BI0;;519\'96808 2.84 Pyrrolopyridine\
4BI1;;519\'96808 2.70 Pyrrolopyridine\
4BI2;;519\'96808 3.11 Pyrrolopyridine\
4C4E;;519\'96808 2.60 Pyrrolopyridine\
4C4F;;519\'96808 2.36 Pyrrolopyridine\
4C4G;;519\'96808 2.65 Pyrrolopyridine\
4C4H;;519\'96808 2.80 Pyrrolopyridine\
4C4I;;519\'96808 2.65 Pyrrolopyridine\
4C4J;;519\'96808 2.50 Pyrrolopyridine\
4CV8;;519\'96808 3.00 Aminopyridine\
4CV9;;519\'96808 2.50 Aminopyridine\
4CVA;;519\'96808 2.50 Aminopyridine\
4D2S;;514\'96795 2.50 Compound 23\
4JS8;;515\'96795 1.94 401348\
4JT3;;515\'96795 2.20 400740\
4O6L;;515\'96795 2.38 Indazole-5-carboxamide\
4ZEG;;515\'96795 2.33 Pyrazole pyrimidine\
5EH0;;519\'96794 2.18 Pyrimidine\
5EHL;;519\'96808 2.66 Pyrimidine\
5EHO;;519\'96808 2.18 Pyrimidine\
5EHY;;519\'96808 2.26 Pyrimidine\
5EI2;;519\'96808 2.67 Pyrimidine\
5EI6;;519\'96808 2.01 Pyrimidine\
5EI8;;519\'96753 2.17 Pyrimidine\
5LJJ;;519\'96808 3.00 Reversine\
5MRB;;519\'96808 3.00 Cpd-5\
5N7V;;519\'96808 2.52 MPI-0479605\
5N84;;519\'96808 2.30 Mps-BAY2b\
5N87;;519\'96808 2.29 NTRC 0066-0\
5N93;;519\'96808 2.10 TC-Mps1-12\
5N9S;;519\'96808 2.30 BAY 1161909\
5NA0;;519\'96808 2.90 Pyrimido-indolizine\
5NAD;;519\'96808 2.80 BAY 1217389\
5NTT;;519\'96797 2.75 NMS-P715\
6B4W;;515\'96795 2.90 Compound 23\
6H3K;;519\'96794 2.48 BOS172722\
6N6O;;515\'96795 2.60 Pyrrolopyrimidine benzamide\
6TN9;;515\'96806 2.60 Compound 16\
6TNB;;515\'96806 2.65 BAY 116909\
6TNC;;515\'96806 2.30 Compound 46\
6TND;;515\'96806 2.58 BAY 1217389\
7CHM;;515\'96795 2.65 Compound 8\
7CHN;;515\'96795 2.40 Compound 9\
7CHT;;515\'96795 2.40 Compound 30\
7CIL;;515\'96795 2.30 Compound 7\
7CJA;;515\'96795 2.49 Compound 28\
7CLH;;515\'96795 2.90 Compound 19\
7LQD;;519\'96808 1.95 RMS-07}